{"cameraMode":{"drawMode":0,"name":"Shaded","section":"Shading Mode"},"sceneLighting":false,"audioPlay":false,"sceneViewState":{"showFog":true,"showMaterialUpdate":false,"showSkybox":false,"showFlares":true,"showImageEffects":true,"showParticleSystems":true},"in2DMode":false,"pivot":{"x":-0.01702439785003662,"y":0.02370762825012207,"z":0.004049539566040039},"rotation":{"x":-0.7608537673950195,"y":0.06313084065914154,"z":-0.07487820088863373,"w":-0.6414916515350342},"size":1.0859582424163819,"orthographic":false}