{"cameraMode":{"drawMode":0,"name":"Shaded","section":"Shading Mode"},"sceneLighting":false,"audioPlay":false,"sceneViewState":{"showFog":true,"showMaterialUpdate":false,"showSkybox":false,"showFlares":true,"showImageEffects":true,"showParticleSystems":true},"in2DMode":false,"pivot":{"x":0.0032529905438423158,"y":0.0,"z":-0.20467311143875123},"rotation":{"x":-0.7608537673950195,"y":0.06313084065914154,"z":-0.07487820088863373,"w":-0.6414916515350342},"size":0.20469896495342256,"orthographic":false}